Y98Z3ZL04VDOMYET4Q7F9L9PWVCA20,Y98Z3ZL04V,crtbl.txt,0,0
KQWQ1SF9VIGEC2TDVVWZIDKKWPBE90,KQWQ1SF9VI,desktop.txt,0,0
KQWQ1SF9VID8S9YX9QXWMGHSDR5PV0,KQWQ1SF9VI,registry.txt,0,0
KQWQ1SF9VITEJ2R13Y5UUG3V09EQD0,KQWQ1SF9VI,tbl.txt,0,0
KQWQ1SF9VI6QPTOUH1QNCFSKYEYXL0,KQWQ1SF9VI,upload.txt,0,0
VEKLWPAZHMWVFPQW6E467LBRZTB2G0,VEKLWPAZHM,desktop.ini,0,0
G8OA0TU2WU9JTTQL6HUK3OFGCMCHW0,G8OA0TU2WU,CopyPathExt.dll,0,0
S9OW91JTWILJDIU2EB3IJ6DMHKG710,S9OW91JTWI,CopyPathExt.ilk,0,0
4C682Q73IGOWG51195B8CREMIOC8R0,4C682Q73IG,CopyPathExt.dll,0,0
3NIMD563FA13YAG8AXIXMRV87V0LY0,3NIMD563FA,CopyPathExt.dll,0,0
BEANT1QS4UUBQANZ98RC7868N9C9C0,BEANT1QS4U,CopyPathExt.dll,0,0
U0CGTPOT4E7K7T2IP8XBZQSFNWTTV0,U0CGTPOT4E,CopyPathExt.dll,0,0
DHA5IIOBD81B60SIYN9ROJ3U4QBA60,DHA5IIOBD8,CopyPathExt.dll,0,0
21EH2XT2QKWVC43Q8NXQ9ZHMH11620,21EH2XT2QK,CopyPathContextMenu.cpp,0,0
21EH2XT2QKH3FVOYZ1VKWXT1NU1D50,21EH2XT2QK,CopyPathContextMenu.h,0,0
21EH2XT2QK7K1HJ68DZE9M83DC6VA0,21EH2XT2QK,CopyPathContextMenu.rgs,0,0
21EH2XT2QK3G3VM5LE16MFMO4N0XH0,21EH2XT2QK,CopyPathExt.aps,0,0
21EH2XT2QKI4IOOSS7MW8QFIZ79110,21EH2XT2QK,CopyPathExt.cpp,0,0
21EH2XT2QKNIIW0M71SFRNG1X7SNW0,21EH2XT2QK,CopyPathExt.def,0,0
21EH2XT2QKIU48C1UI68HEVNLOGTT0,21EH2XT2QK,CopyPathExt.dsp,0,0
21EH2XT2QKRWBF24KON4THMM36Y0F0,21EH2XT2QK,CopyPathExt.dsw,0,0
21EH2XT2QK26WHBFXC0SDX822IXXE0,21EH2XT2QK,CopyPathExt.h,0,0
21EH2XT2QK1G2UTV7BVCFA1S763850,21EH2XT2QK,CopyPathExt.idl,0,0
21EH2XT2QKHJ2BLZJ0UK4OB632WHF0,21EH2XT2QK,CopyPathExt.ncb,0,0
21EH2XT2QK936ZO3ENZCUJ5HNFFAK0,21EH2XT2QK,CopyPathExt.opt,0,0
21EH2XT2QKJLAEK30CGF4RF1SJA770,21EH2XT2QK,CopyPathExt.plg,0,0
21EH2XT2QKJFZMP8DUD0TD0R9W4AJ0,21EH2XT2QK,CopyPathExt.rc,0,0
21EH2XT2QK4ISTGBVKNV52QVKN0TK0,21EH2XT2QK,CopyPathExt.tlb,0,0
21EH2XT2QKZB1SAY6KKD95I1HTSD40,21EH2XT2QK,CopyPathExtps.def,0,0
21EH2XT2QK11F1L4VVROXLIYQEZ1O0,21EH2XT2QK,CopyPathExtps.mk,0,0
21EH2XT2QKAT6HU2511M0VRRVMMLS0,21EH2XT2QK,CopyPathExt_i.c,0,0
378M2EL1HY9XQ6NCAF1XL0MTGHO6Y0,378M2EL1HY,CopyPathContextMenu.obj,0,0
2AYD9R5NHO9SJAWD7RDQ9P8SNR38X0,2AYD9R5NHO,CopyPathExt.exp,0,0
2AYD9R5NHOQY89DDGHA9FHWX3PG7P0,2AYD9R5NHO,CopyPathExt.lib,0,0
2AYD9R5NHO4DH82FPLZNLFU9Z49QC0,2AYD9R5NHO,CopyPathExt.obj,0,0
2AYD9R5NHOND55K1GQD62N2PJ9V8Q0,2AYD9R5NHO,CopyPathExt.pch,0,0
2AYD9R5NHOAO5MFPHWORX0DO6UKEA0,2AYD9R5NHO,CopyPathExt.pdb,0,0
2AYD9R5NHON3U5GWE1UMBIN61XSXZ0,2AYD9R5NHO,CopyPathExt.res,0,0
2AYD9R5NHOVVZVGMHDGLVRU59Q0PB0,2AYD9R5NHO,regsvr32.trg,0,0
2AYD9R5NHO7Q6UKYDLSQ88NGL7ZRD0,2AYD9R5NHO,StdAfx.obj,0,0
2AYD9R5NHOF8BTTUJT715U68AMG220,2AYD9R5NHO,vc60.idb,0,0
2AYD9R5NHOTVDUQFNVFTJ2LRC7FAS0,2AYD9R5NHO,vc60.pdb,0,0
21EH2XT2QKNGHZLBGHI7TDR39W3BI0,21EH2XT2QK,resource.h,0,0
21EH2XT2QKEAW8NX5EOZYEBSDFK8R0,21EH2XT2QK,StdAfx.cpp,0,0
21EH2XT2QKEAD0Z61Q656VQK3TGZS0,21EH2XT2QK,StdAfx.h,0,0
VEKLWPAZHM9NEKZY8UH61TAM3DE8R0,VEKLWPAZHM,CopyPathExt.zip,0,0
VEKLWPAZHM7ZZGR9A4VLPN6QI1QY10,VEKLWPAZHM,Employment.exe,0,0
YDOVP8FX5QRDQXGYT8M9CJDTN91HM0,YDOVP8FX5Q,hodll.dll,0,0
KGL31MMLAA9I7404BVMFE175864G80,KGL31MMLAA,hodll.exp,0,0
KGL31MMLAAFUHYV6T1KICUK375GJA0,KGL31MMLAA,hodll.ilk,0,0
KGL31MMLAAVPX1KXYA142WGGWBVXE0,KGL31MMLAA,hodll.lib,0,0
KGL31MMLAACZE1XU08GMW69JYGERU0,KGL31MMLAA,hodll.obj,0,0
KGL31MMLAA72PCRK04PLCGF09OUAR0,KGL31MMLAA,hodll.pch,0,0
KGL31MMLAAYFIIICT8WWLV1DYBMYL0,KGL31MMLAA,hodll.pdb,0,0
KGL31MMLAA3A25Y6KJT8KZBDK3YFY0,KGL31MMLAA,hodll.res,0,0
KGL31MMLAA645P2GV5LELKMCO7MR90,KGL31MMLAA,StdAfx.obj,0,0
KGL31MMLAAYDE0JY1ZKAKMZHGYMHQ0,KGL31MMLAA,vc60.idb,0,0
KGL31MMLAAFBJGJL31SZSDF8WB94D0,KGL31MMLAA,vc60.pdb,0,0
N78DOYPZ8GLY7W5HSHHNJNAG6TSU00,N78DOYPZ8G,hodll.clw,0,0
N78DOYPZ8GHTBBGMHZY6ZJR2Z8JIY0,N78DOYPZ8G,hodll.cpp,0,0
N78DOYPZ8GEEODJAX6Q97XBW8Q9WU0,N78DOYPZ8G,hodll.def,0,0
N78DOYPZ8GJU2A0XEQCED2KTED41C0,N78DOYPZ8G,hodll.dsp,0,0
N78DOYPZ8GFSETY1LQ5GZ9CR5J5D60,N78DOYPZ8G,hodll.dsw,0,0
N78DOYPZ8GGR6DZ1C9J13QM2C13YC0,N78DOYPZ8G,hodll.h,0,0
N78DOYPZ8G7BSZVNTVI9Y1UOP399B0,N78DOYPZ8G,hodll.ncb,0,0
N78DOYPZ8GB6K9F92U50RLLI3ZXJX0,N78DOYPZ8G,hodll.opt,0,0
N78DOYPZ8GIGT8RQD6DVTE09WOT420,N78DOYPZ8G,hodll.plg,0,0
N78DOYPZ8G2MGEPDHPMKUE7JM2PPO0,N78DOYPZ8G,hodll.rc,0,0
N78DOYPZ8GO6KPTP3W8HHD6CWGWE30,N78DOYPZ8G,hooks.cpp,0,0
N78DOYPZ8GN9K4B1DKKQ6CDAKK25S0,N78DOYPZ8G,hooks.h,0,0
N78DOYPZ8G6HT6H2KB6UD8JOCA6KY0,N78DOYPZ8G,ReadMe.txt,0,0
V5RW4F2GLD9YY3ZS30WSFD6DOWWCE0,V5RW4F2GLD,hodll.rc2,0,0
N78DOYPZ8GSG4TD2K3C5G3PFGRMCC0,N78DOYPZ8G,Resource.h,0,0
N78DOYPZ8GK3YW97CM861T8VKN1M70,N78DOYPZ8G,StdAfx.cpp,0,0
N78DOYPZ8G4PEXVIZ9B58PPR6Z65P0,N78DOYPZ8G,StdAfx.h,0,0
PNWX3H8UAIR6FWFRI2I93LD14IYXD0,PNWX3H8UAI,installhook.exe,0,0
FV5J9GN7CTLAZDG3CM1BY3RX07ORG0,FV5J9GN7CT,installhook.ilk,0,0
FV5J9GN7CTO601TJE69Z4QQCMM1UL0,FV5J9GN7CT,installhook.obj,0,0
FV5J9GN7CTOAE59DZ4LY3W5NB0MSI0,FV5J9GN7CT,installhook.pch,0,0
FV5J9GN7CTNGGODQ5A7WCSLO6X65Q0,FV5J9GN7CT,installhook.pdb,0,0
FV5J9GN7CTU6DOMEFXTIO03B51JJ40,FV5J9GN7CT,installhook.res,0,0
FV5J9GN7CTJRTQJQFYZAIO8FLO90I0,FV5J9GN7CT,installhookDlg.obj,0,0
FV5J9GN7CTKVBMRDQE0VOQUTC4PAM0,FV5J9GN7CT,StdAfx.obj,0,0
FV5J9GN7CTGT9GQL9B1FWUVYH1HKA0,FV5J9GN7CT,vc60.idb,0,0
FV5J9GN7CT2997SGVX91FHQ3LWSQ40,FV5J9GN7CT,vc60.pdb,0,0
N78DOYPZ8GRPGGZ7T7BSQX5FUNDJF0,N78DOYPZ8G,installhook.clw,0,0
N78DOYPZ8GVBXBYGA82WTK1BEGG4O0,N78DOYPZ8G,installhook.cpp,0,0
N78DOYPZ8GL5181JKEG0L0IMPPEH20,N78DOYPZ8G,installhook.dsp,0,0
N78DOYPZ8G33WD4A445DC4X27U07J0,N78DOYPZ8G,installhook.dsw,0,0
N78DOYPZ8GK7KJMJI05GMR51PNQW30,N78DOYPZ8G,installhook.h,0,0
N78DOYPZ8GDGFPRN5KWZ5Z3K90C6M0,N78DOYPZ8G,installhook.ncb,0,0
N78DOYPZ8GTL5NKUR7D7SAK4HGYCC0,N78DOYPZ8G,installhook.opt,0,0
N78DOYPZ8GWCQCR55AHNFNEU1N94X0,N78DOYPZ8G,installhook.plg,0,0
N78DOYPZ8GD5OWZEF547SLXBHS1XM0,N78DOYPZ8G,installhook.rc,0,0
N78DOYPZ8GWS6EDQUUOJF4CIPOMJJ0,N78DOYPZ8G,installhookDlg.cpp,0,0
N78DOYPZ8GN01C55GM3YYF98SLFOB0,N78DOYPZ8G,installhookDlg.h,0,0
877NTUBOXNHJ69941VZA92OEAIC0I0,877NTUBOXN,installhook.ico,0,0
FV5J9GN7CT8XIK44IEPETTHYHIJ8X0,FV5J9GN7CT,installhook.rc2,0,0
VEKLWPAZHMJP9BUNURELQC0L8MF980,VEKLWPAZHM,Keyboardhook.zip,0,0
JZUX3EPBFGWI3XSIQ014ZERDUZ06S0,JZUX3EPBFG,Desktop.ini,0,0
VEKLWPAZHMDNCBFFWOZJ2IJW5VL7M0,VEKLWPAZHM,Sample Music.lnk,0,0
X99YNBBX09N11T1EQN6VW931AKKJT0,X99YNBBX09,Desktop.ini,0,0
VEKLWPAZHM765UMDTQGE64RU72KZS0,VEKLWPAZHM,Sample Pictures.lnk,0,0
E98PXQDF20CJ1KJWL91DZ9L5AW9DW0,E98PXQDF20,directoryTest.exe,0,0
IQBLWSRAQ54GHD4NSKIIRMU6G78QQ0,IQBLWSRAQ5,directoryTest.ilk,0,0
IQBLWSRAQ5DTR1KKGW7C6X14N74F20,IQBLWSRAQ5,directoryTest.pdb,0,0
1Z2AS8V6ERVNH96CLSO3TAJY5603F0,1Z2AS8V6ER,BuildLog.htm,0,0
MWLU3REAOKLK0XR2E3VM1LMRDSGCB0,MWLU3REAOK,directoryTest.exe.embed.manifest,0,0
MWLU3REAOK9J8326OD8HUDTAF7RVZ0,MWLU3REAOK,directoryTest.exe.embed.manifest.res,0,0
MWLU3REAOKFC1O2J5C5BK45ZSINA10,MWLU3REAOK,directoryTest.exe.intermediate.manifest,0,0
MWLU3REAOKPP81GY44V2FAWLHMLFA0,MWLU3REAOK,directoryTest.pch,0,0
MWLU3REAOKNDOC9EFV3J412D6SGM90,MWLU3REAOK,directoryTest.res,0,0
MWLU3REAOKG2GWLRR24MQ7TPJT5ZP0,MWLU3REAOK,mt.dep,0,0
MWLU3REAOKGDJ2DRU1P77LEX5R6550,MWLU3REAOK,stdafx.obj,0,0
MWLU3REAOKOOJXB3W3I0SEAS5HS2G0,MWLU3REAOK,vc90.idb,0,0
MWLU3REAOK91E761LNL8RJ9C706ZP0,MWLU3REAOK,vc90.pdb,0,0
IQBLWSRAQ5JDTQCXCNNX4FCVW3N9L0,IQBLWSRAQ5,directoryTest.aps,0,0
IQBLWSRAQ5NQ2AF7VZ9DQNOI7KASL0,IQBLWSRAQ5,directoryTest.cpp,0,0
IQBLWSRAQ5S6SF3P00MA7S2BN016U0,IQBLWSRAQ5,directoryTest.h,0,0
IQBLWSRAQ5740HHM5DCWOUMYWYFSF0,IQBLWSRAQ5,directoryTest.rc,0,0
IQBLWSRAQ5M3CIJ2Z54A3D20O3CZX0,IQBLWSRAQ5,directoryTest.vcproj,0,0
IQBLWSRAQ534QDSP8D96W4XZIYGRG0,IQBLWSRAQ5,directoryTest.vcproj.GENUITY.Administrator.user,0,0
IQBLWSRAQ512616RWSAJUCS6BJQR10,IQBLWSRAQ5,ReadMe.txt,0,0
IQBLWSRAQ5BA6DCVC4NRQV6OP6DIC0,IQBLWSRAQ5,Resource.h,0,0
IQBLWSRAQ5TDJBJZUQAWW1EACEHL00,IQBLWSRAQ5,stdafx.cpp,0,0
IQBLWSRAQ5J3R06SKFQBMGP70R73A0,IQBLWSRAQ5,stdafx.h,0,0
IQBLWSRAQ57STWISOQ7MKC8QEHP0O0,IQBLWSRAQ5,targetver.h,0,0
ZYH4DRQY83AF6OKN5W1L3AVPZ1H5A0,ZYH4DRQY83,directoryTest.ncb,0,0
ZYH4DRQY83FBXO8G6EWJ4J0J3SJQC0,ZYH4DRQY83,directoryTest.sln,0,0
ZYH4DRQY83CIKPCSJ9NG5524T0EBJ0,ZYH4DRQY83,directoryTest.suo,0,0
JE3FNG8DPDET7PD89CWFSFYIKARCT0,JE3FNG8DPD,FindDirectory.exe,0,0
N2KZ83HCN41PBVAZDQIAUQN5KVXT50,N2KZ83HCN4,FindDirectory.ilk,0,0
N2KZ83HCN4B4IWUE0FNOYFIAN8HBH0,N2KZ83HCN4,FindDirectory.pdb,0,0
D2GNGPK3I1CPT8UQZ5BCGKVL0PAGN0,D2GNGPK3I1,BuildLog.htm,0,0
EBIIKDFHSJK62P8DF1J3QZKHQ5QCJ0,EBIIKDFHSJ,FindDirectory.exe.embed.manifest,0,0
EBIIKDFHSJFS8ONLQ6G7CPTEDMWY50,EBIIKDFHSJ,FindDirectory.exe.embed.manifest.res,0,0
EBIIKDFHSJVPMBBI2YJRYW0WCHQ8I0,EBIIKDFHSJ,FindDirectory.exe.intermediate.manifest,0,0
EBIIKDFHSJTL336TWHANTBFMX3U8Q0,EBIIKDFHSJ,FindDirectory.obj,0,0
EBIIKDFHSJ4DWCITOWUN24GA556X50,EBIIKDFHSJ,FindDirectory.pch,0,0
EBIIKDFHSJQ7XMDVZPB0FOTEN0ON90,EBIIKDFHSJ,FindDirectory.res,0,0
EBIIKDFHSJ8NABDMEQE10VV6HP8AN0,EBIIKDFHSJ,FindDirectoryDlg.obj,0,0
EBIIKDFHSJIZXA9I14JOIUS2UBPKF0,EBIIKDFHSJ,mt.dep,0,0
KQWQ1SF9VI349ESU49FBR82HX8E060,KQWQ1SF9VI,crtbl.txt,0,0
3TEK2UDYYORWOGMRHTR6SI278F8GF0,3TEK2UDYYO,crtbl.txt,0,0
3TEK2UDYYOGAWY3G6MZ6I5X70LPR10,3TEK2UDYYO,Database.db,0,0
3TEK2UDYYOZFORYYDS4TJMXOPL46A0,3TEK2UDYYO,desktop.txt,0,0
3TEK2UDYYO6BGK3ESRBUZU3UZD4ZA0,3TEK2UDYYO,registry.txt,0,0
3TEK2UDYYOSZ8ZF342QU35JMNKPX40,3TEK2UDYYO,Shoshi English to Bangla Dictionary.lnk,0,0
3TEK2UDYYOVN3PDIS8HK9R0YJ1K7H0,3TEK2UDYYO,tbl.txt,0,0
3TEK2UDYYOHCST1VQFT6MLL19U1D10,3TEK2UDYYO,UI.exe,0,0
3TEK2UDYYOGFXMFMTKGPUNAAEKG0J0,3TEK2UDYYO,upload.txt,0,0
3TEK2UDYYOV3OXUH3W2PLZF4FHV1V0,3TEK2UDYYO,desktop.ini,0,0
S9OW91JTWIGCD6RGSXIDIZ0NNUJBQ0,S9OW91JTWI,CopyPathExt.dll,0,0
2AYD9R5NHO471BOG845QKPA2G4U3X0,2AYD9R5NHO,CopyPathContextMenu.obj,0,0
KGL31MMLAA3GN3DRJ24ESCE22J6AW0,KGL31MMLAA,hodll.dll,0,0
KGL31MMLAAAAXWQ6YHF12SD7JJG3G0,KGL31MMLAA,hodll.rc2,0,0
FV5J9GN7CT21JKJ7NGDKIZRRNL5MQ0,FV5J9GN7CT,installhook.exe,0,0
FV5J9GN7CT8V35ST5PMZ8HTQGF5M20,FV5J9GN7CT,installhook.ico,0,0
VEKLWPAZHMG124XEPNNEA67OE0I2K0,VEKLWPAZHM,Desktop.ini,0,0
IQBLWSRAQ5QYX6AM8MZNN3ZOXDTIS0,IQBLWSRAQ5,directoryTest.exe,0,0
MWLU3REAOKAA7GVL4ZAQQRL92OZKR0,MWLU3REAOK,BuildLog.htm,0,0
N2KZ83HCN4MY7S1W1DEJ6BYG7KOXE0,N2KZ83HCN4,FindDirectory.exe,0,0
EBIIKDFHSJCTQ0PMW48C3M68OZ8UJ0,EBIIKDFHSJ,BuildLog.htm,0,0
EBIIKDFHSJSQG5E2OETPKG7IG87YW0,EBIIKDFHSJ,stdafx.obj,0,0
EBIIKDFHSJ9C8RRP6VMHKPBRVN6PS0,EBIIKDFHSJ,vc90.idb,0,0
EBIIKDFHSJG1WI0VDL8WNPPGPBS310,EBIIKDFHSJ,vc90.pdb,0,0
N2KZ83HCN425891G98YVL9QAB8F360,N2KZ83HCN4,FindDirectory.aps,0,0
N2KZ83HCN49ETITRBMALLE2IVJVVP0,N2KZ83HCN4,FindDirectory.cpp,0,0
N2KZ83HCN4WXK9OLU2D98HVFNZDZY0,N2KZ83HCN4,FindDirectory.h,0,0
N2KZ83HCN4BZJM04H78UNAU9ER9K90,N2KZ83HCN4,FindDirectory.rc,0,0
N2KZ83HCN4IUQBASB0YU5SG52OU6Z0,N2KZ83HCN4,FindDirectory.vcproj,0,0
N2KZ83HCN493AAIQGZLPFWMGPZF320,N2KZ83HCN4,FindDirectory.vcproj.GENUITY.Administrator.user,0,0
N2KZ83HCN4WVU1BSJK7Y17SU3NV3J0,N2KZ83HCN4,FindDirectory.vcproj.PRUNE.hafiz.user,0,0
N2KZ83HCN47ZGH6132IBGTXIGVIZZ0,N2KZ83HCN4,FindDirectoryDlg.cpp,0,0
N2KZ83HCN4DUVOO36X0SCNDRCA6SY0,N2KZ83HCN4,FindDirectoryDlg.h,0,0
N2KZ83HCN4KBEOQQNSSC3OATLAF9X0,N2KZ83HCN4,ReadMe.txt,0,0
UHGL1DLR3CI3X9V93I8PJU3TN1RIZ0,UHGL1DLR3C,FindDirectory.ico,0,0
EBIIKDFHSJ9T7JYHQF1LWGP0CIJQB0,EBIIKDFHSJ,FindDirectory.rc2,0,0
N2KZ83HCN467DM3EZBVUB9NW57NH20,N2KZ83HCN4,resource.h,0,0
N2KZ83HCN4RIRQRUHW36MKGPL34BC0,N2KZ83HCN4,stdafx.cpp,0,0
N2KZ83HCN4KBP7WYQS72I1EZTO1YE0,N2KZ83HCN4,stdafx.h,0,0
N2KZ83HCN4D2ZXC5BJPPDZTIN8VO40,N2KZ83HCN4,targetver.h,0,0
ZYH4DRQY836V5KXMJJ1VTXNZMMIVX0,ZYH4DRQY83,FindDirectory.ncb,0,0
ZYH4DRQY8315EUUC8TG133W6Z50W10,ZYH4DRQY83,FindDirectory.sln,0,0
ZYH4DRQY838F2K9EU60IMMWI3GONU0,ZYH4DRQY83,FindDirectory.suo,0,0
GUK9F7ZBZY3O8P9IQ4NUWKIZLGKTZ0,GUK9F7ZBZY,GUI.exe,0,0
AP2KPZVCODP8KE4EUZSPY9COAKXDV0,AP2KPZVCOD,GUI.ilk,0,0
AP2KPZVCODTG489V4T9ET10S52RL40,AP2KPZVCOD,GUI.pdb,0,0
15WYKMIHJ0SDDU38YAFBQ8OYDWMO40,15WYKMIHJ0,BuildLog.htm,0,0
BUIQ1WNOAXB5L3IFQK6456B5EYY890,BUIQ1WNOAX,GUI.exe.embed.manifest,0,0
BUIQ1WNOAX6WJYB59P4D4XJY1Q4Q60,BUIQ1WNOAX,GUI.exe.embed.manifest.res,0,0
BUIQ1WNOAXT7V6TB464KLACHQYBF80,BUIQ1WNOAX,GUI.exe.intermediate.manifest,0,0
BUIQ1WNOAXM0GKRUR4G1NJZR29PP80,BUIQ1WNOAX,GUI.obj,0,0
BUIQ1WNOAXF574WV66CSJYFJY0QZ10,BUIQ1WNOAX,GUI.pch,0,0
BUIQ1WNOAXH9KETK44S0BLIH43QML0,BUIQ1WNOAX,GUI.res,0,0
BUIQ1WNOAXSY2DAP8DHL1D4OINP1M0,BUIQ1WNOAX,GUIDlg.obj,0,0
BUIQ1WNOAXVO2THWC95V5FIL91DKG0,BUIQ1WNOAX,mt.dep,0,0
BUIQ1WNOAXF6BBVBWPMFHCO2Y8FGB0,BUIQ1WNOAX,stdafx.obj,0,0
BUIQ1WNOAXRB31L8L76W492YJ11SM0,BUIQ1WNOAX,vc90.idb,0,0
BUIQ1WNOAXG79EWLISN1AMAIJEBK00,BUIQ1WNOAX,vc90.pdb,0,0
AP2KPZVCOD1OAVBL8BL7ZNI2VCBG50,AP2KPZVCOD,GUI.APS,0,0
AP2KPZVCODTTJHR1P2U963ZGIS78V0,AP2KPZVCOD,GUI.cpp,0,0
AP2KPZVCODAAF1QCC01UYYSW9IADV0,AP2KPZVCOD,GUI.h,0,0
AP2KPZVCODW2362DP1IP7WKZTCJY30,AP2KPZVCOD,GUI.rc,0,0
AP2KPZVCODI787JE97GR9KEY33K2K0,AP2KPZVCOD,GUI.vcproj,0,0
AP2KPZVCODZCN4O4WRMIWQ5Y7HZE70,AP2KPZVCOD,GUI.vcproj.PRUNE.hafiz.user,0,0
AP2KPZVCODOQIO1PD9H1ZNO8DFEOE0,AP2KPZVCOD,GUIDlg.cpp,0,0
AP2KPZVCODB3GC1F1A4FRJ7RYRNCB0,AP2KPZVCOD,GUIDlg.h,0,0
AP2KPZVCODSBNPK6UTO03XK13CDEL0,AP2KPZVCOD,NewAccountDlg.cpp,0,0
AP2KPZVCODJGX7EI8ZY3PMAM5UZDH0,AP2KPZVCOD,NewAccountDlg.h,0,0
AP2KPZVCODYX1BMU5LI5BV3RFGO130,AP2KPZVCOD,ReadMe.txt,0,0
R7JUIKIXQD8BKJSSSFW8GXNTS5E2V0,R7JUIKIXQD,GUI.ico,0,0
BUIQ1WNOAX3NMW1BPAI80CDVIT1YH0,BUIQ1WNOAX,GUI.rc2,0,0
AP2KPZVCODJGE367VR8CWFRV4NRP80,AP2KPZVCOD,resource.h,0,0
AP2KPZVCODQCRVV51LF6QGPOEC5NT0,AP2KPZVCOD,stdafx.cpp,0,0
AP2KPZVCODNLLSNLO9KJF0QEXRK2V0,AP2KPZVCOD,stdafx.h,0,0
AP2KPZVCODE4K9G5YQWVM3B27TWPW0,AP2KPZVCOD,targetver.h,0,0
ZYH4DRQY836T8S9AKA1SIE4JA74JX0,ZYH4DRQY83,GUI.ncb,0,0
ZYH4DRQY83620TYLG12HX5GKUJKAQ0,ZYH4DRQY83,GUI.sln,0,0
ZYH4DRQY83X4C3D5S6V630HVOIXXN0,ZYH4DRQY83,GUI.suo,0,0
XZDSIUNHO9O9ZS28Z4F47Z4OESW8F0,XZDSIUNHO9,GUI1.exe,0,0
8ISKYSTRD931FHF6M7MENRLZ2G6EI0,8ISKYSTRD9,GUI1.ilk,0,0
8ISKYSTRD9U3W4AGBLVF83ORWU1E50,8ISKYSTRD9,GUI1.pdb,0,0
WSW1XKLKJ0JYUD7AU0E0O11WAIUEB0,WSW1XKLKJ0,BuildLog.htm,0,0
IMSYBEV9VS33JJXIYPOW4E2QH99W80,IMSYBEV9VS,GUI1.exe.embed.manifest,0,0
IMSYBEV9VSVR0TT83D8CQE4RWRW1P0,IMSYBEV9VS,GUI1.exe.embed.manifest.res,0,0
IMSYBEV9VSIHX2FGDWKLV30AICKXK0,IMSYBEV9VS,GUI1.exe.intermediate.manifest,0,0
IMSYBEV9VS89XRMLUD6SELVQVMWU60,IMSYBEV9VS,GUI1.obj,0,0
IMSYBEV9VSMJBMRMCQDQXV0CFUN110,IMSYBEV9VS,GUI1.pch,0,0
IMSYBEV9VSCIPLEN75BRC740M9VMZ0,IMSYBEV9VS,GUI1.res,0,0
IMSYBEV9VSXWQM0GHZLYHX4E050SE0,IMSYBEV9VS,GUI1Dlg.obj,0,0
IMSYBEV9VSTIEDSATR4JHB0RZRWC70,IMSYBEV9VS,mt.dep,0,0
IMSYBEV9VS11T645RTE27BFDWNN7P0,IMSYBEV9VS,stdafx.obj,0,0
IMSYBEV9VSAZVDGI7XCR0A1F289WD0,IMSYBEV9VS,vc90.idb,0,0
IMSYBEV9VSMX1C7FGJ4KPG6EXM3R80,IMSYBEV9VS,vc90.pdb,0,0
8ISKYSTRD9E4UYUULSIMK1WLXZ3ND0,8ISKYSTRD9,GUI1.APS,0,0
8ISKYSTRD98KQAW1JM1LDIFFHYHMC0,8ISKYSTRD9,GUI1.cpp,0,0
8ISKYSTRD9O6YUBO88UZ09H7AYF3D0,8ISKYSTRD9,GUI1.h,0,0
8ISKYSTRD9MPD4YEILUZB0G54KMDC0,8ISKYSTRD9,GUI1.rc,0,0
8ISKYSTRD98EZ5DNAA6ZVQW0GZ7SN0,8ISKYSTRD9,GUI1.vcproj,0,0
8ISKYSTRD9QO8Z9H55EX0NADW9MNZ0,8ISKYSTRD9,GUI1.vcproj.PRUNE.hafiz.user,0,0
8ISKYSTRD9L8H391USAI69S14YNT70,8ISKYSTRD9,GUI1Dlg.cpp,0,0
8ISKYSTRD9XWX2XOL9IWHZJL9DO6T0,8ISKYSTRD9,GUI1Dlg.h,0,0
8ISKYSTRD97GOAT2IUX25DN6HCH590,8ISKYSTRD9,ReadMe.txt,0,0
LD8NQROFQBNY1VAYCHIGMRUXLU99B0,LD8NQROFQB,GUI1.ico,0,0
IMSYBEV9VS8S1QDUFMPX76KWGU6RF0,IMSYBEV9VS,GUI1.rc2,0,0
8ISKYSTRD9BGZFB6FIJZLNVE1PDI70,8ISKYSTRD9,Resource.h,0,0
8ISKYSTRD93WGWO93IW3K3SKJBRKU0,8ISKYSTRD9,stdafx.cpp,0,0
8ISKYSTRD9LD1HSOJYAL16CGCFRVW0,8ISKYSTRD9,stdafx.h,0,0
8ISKYSTRD9VVOG16S1NJ3EWZ2JYC80,8ISKYSTRD9,targetver.h,0,0
ZYH4DRQY83BU58YN51VWJ726H1DMZ0,ZYH4DRQY83,GUI1.ncb,0,0
ZYH4DRQY83SW2FNF6JW3LFE31F2H30,ZYH4DRQY83,GUI1.sln,0,0
ZYH4DRQY83IJJY4T7RP93TWV9YR0U0,ZYH4DRQY83,GUI1.suo,0,0
CDSJDNX28OMRKXVRAATR2BACWYO010,CDSJDNX28O,mfc10.exe,0,0
T3ZR6ZM0F09S36UGBKKXW90JF2F550,T3ZR6ZM0F0,mfc10.ilk,0,0
T3ZR6ZM0F0LP5UG3FAN1XKZJS239D0,T3ZR6ZM0F0,mfc10.pdb,0,0
QTY39H9ZHYTVRO1VDZJWKQ84IKKNH0,QTY39H9ZHY,BuildLog.htm,0,0
GSCQW3B24M74OPTDHZ9479IDP0A5Q0,GSCQW3B24M,MainFrm.obj,0,0
GSCQW3B24MR13TAVWDFF11JI9LSK00,GSCQW3B24M,mfc10.exe.embed.manifest,0,0
GSCQW3B24MIYLBJKAT8WP23TIMX880,GSCQW3B24M,mfc10.exe.embed.manifest.res,0,0
GSCQW3B24M72XK3SCJ8H8ITZA5IF90,GSCQW3B24M,mfc10.exe.intermediate.manifest,0,0
GSCQW3B24M8298A4FGVJ4WXFCYPL50,GSCQW3B24M,mfc10.obj,0,0
GSCQW3B24MTMP7S21BNTGOKJWG3D90,GSCQW3B24M,mfc10.pch,0,0
GSCQW3B24MEREKZHEYEIV9BCCFC0Y0,GSCQW3B24M,mfc10.res,0,0
GSCQW3B24M4NY9B65NZ8LRSJQSRYC0,GSCQW3B24M,mfc10Doc.obj,0,0
GSCQW3B24MJA1ZNDFFZCN05AUQXTC0,GSCQW3B24M,mfc10View.obj,0,0
GSCQW3B24MLSJPRA8YMYH8FK9KZ7U0,GSCQW3B24M,mt.dep,0,0
GSCQW3B24MSM4Y1X3UX8PZFN6VOGR0,GSCQW3B24M,stdafx.obj,0,0
GSCQW3B24MYCE2UYPTJG2PGFVWII60,GSCQW3B24M,vc90.idb,0,0
GSCQW3B24MKA4JTKQG1GX03YHYQE70,GSCQW3B24M,vc90.pdb,0,0
T3ZR6ZM0F07EQD2BACW5CT884U7Q20,T3ZR6ZM0F0,MainFrm.cpp,0,0
T3ZR6ZM0F0YBLB3OL8WVHW8Z4OE5F0,T3ZR6ZM0F0,MainFrm.h,0,0
T3ZR6ZM0F0M69PNITO98WMNR8EL330,T3ZR6ZM0F0,mfc10.aps,0,0
T3ZR6ZM0F047Q0UE1O97OJKY94Z5M0,T3ZR6ZM0F0,mfc10.cpp,0,0
T3ZR6ZM0F0SAOLB60GB419T2X7DFE0,T3ZR6ZM0F0,mfc10.h,0,0
T3ZR6ZM0F092ZTMMTRYFB0TMVJ6NF0,T3ZR6ZM0F0,mfc10.rc,0,0
T3ZR6ZM0F0T5X4Q43A0UVB91YCB900,T3ZR6ZM0F0,mfc10.vcproj,0,0
T3ZR6ZM0F0899HKPY188YWKEZ9SN40,T3ZR6ZM0F0,mfc10.vcproj.GENUITY.Administrator.user,0,0
T3ZR6ZM0F0KFD7TAI47YWPGG4UJGK0,T3ZR6ZM0F0,mfc10.vcproj.PRUNE.hafiz.user,0,0
T3ZR6ZM0F0M43CUNSFIFA1Y0NWJZ00,T3ZR6ZM0F0,mfc10Doc.cpp,0,0
T3ZR6ZM0F0BI5F2TBHJBG2HK3HJE70,T3ZR6ZM0F0,mfc10Doc.h,0,0
T3ZR6ZM0F0XF9K0CIFLWAPH2H9XRL0,T3ZR6ZM0F0,mfc10View.cpp,0,0
T3ZR6ZM0F08RC30AB1ZR1XGE7DJWK0,T3ZR6ZM0F0,mfc10View.h,0,0
T3ZR6ZM0F0J6XJRW5L35JW23UHW7C0,T3ZR6ZM0F0,ReadMe.txt,0,0
VXJWQFII32SC0UCJ337S2GG55WWV70,VXJWQFII32,mfc10.ico,0,0
GSCQW3B24MQ64YBJZ1U6R3VK2YUMW0,GSCQW3B24M,mfc10.rc2,0,0
GSCQW3B24MTHVMYL3FMYWOERG2U030,GSCQW3B24M,mfc10Doc.ico,0,0
GSCQW3B24M2CRVGNCE9WGVE1YUG4I0,GSCQW3B24M,Toolbar.bmp,0,0
T3ZR6ZM0F0G9NTU61CI3JJO8HT6LI0,T3ZR6ZM0F0,Resource.h,0,0
T3ZR6ZM0F0621RSNQ6EYGUUUBB0UH0,T3ZR6ZM0F0,stdafx.cpp,0,0
T3ZR6ZM0F0QJE5RTE10YUQE5WYBTE0,T3ZR6ZM0F0,stdafx.h,0,0
T3ZR6ZM0F04I4RZEXI9781ANWJPGP0,T3ZR6ZM0F0,targetver.h,0,0
ZYH4DRQY83ZLJ6JNX0DONJ997PVAX0,ZYH4DRQY83,mfc10.ncb,0,0
ZYH4DRQY83XQJB5AFT3I84KP81ELX0,ZYH4DRQY83,mfc10.sln,0,0
ZYH4DRQY83OKF9FR36WGVRRWTF2T60,ZYH4DRQY83,mfc10.suo,0,0
1MQKAFNLKWBTQKG68SJ43U4077ZP20,1MQKAFNLKW,ChildFrm.cpp,0,0
WRHWT5V2TYNSXIR9PYGAKTUAY3GRS0,WRHWT5V2TY,ChildFrm.h,0,0
WRHWT5V2TY9E2YNMSVWN8WW7Q0C9N0,WRHWT5V2TY,Main.cpp,0,0
WRHWT5V2TYZWY6517N15YHP3CPK180,WRHWT5V2TY,Main.h,0,0
WRHWT5V2TY54WYMTJQB6SM5HGP70W0,WRHWT5V2TY,MainFrm.cpp,0,0
WRHWT5V2TYQHEGKVYMNWCEN7E0NJ10,WRHWT5V2TY,MainFrm.h,0,0
WRHWT5V2TYZ96C90VZZQSCJNLY2H30,WRHWT5V2TY,mfc2.aps,0,0
WRHWT5V2TYBRHJCLREUWQXR6AH9JP0,WRHWT5V2TY,mfc2.cpp,0,0
WRHWT5V2TY9IORBPWXRX5DLN9CYSA0,WRHWT5V2TY,mfc2.h,0,0
WRHWT5V2TYSYZEFDSEAUINNJQFTEW0,WRHWT5V2TY,mfc2.rc,0,0
WRHWT5V2TYAYRU483VSZ09PY76SA20,WRHWT5V2TY,mfc2.vcproj,0,0
WRHWT5V2TYVJ6U385GI99UP65SL8I0,WRHWT5V2TY,mfc2.vcproj.GENUITY.Administrator.user,0,0
WRHWT5V2TYNA8DB3N94A93AHNDL320,WRHWT5V2TY,mfc2Doc.cpp,0,0
WRHWT5V2TYU5FH1IRMMC4F7Z5ESDX0,WRHWT5V2TY,mfc2Doc.h,0,0
WRHWT5V2TYV5QSME7UW6AE6W2T3JW0,WRHWT5V2TY,mfc2View.cpp,0,0
WRHWT5V2TYZTLL4KJLF6ZFRQEPS570,WRHWT5V2TY,mfc2View.h,0,0
WRHWT5V2TYQXQ7BDF63R8Y2WC7O0O0,WRHWT5V2TY,ReadMe.txt,0,0
2DTMQSF2G119UJE3RU8LKC1BQQB560,2DTMQSF2G1,mfc2.ico,0,0
1MQKAFNLKW1MXPTVKTEBTNLSJNQFT0,1MQKAFNLKW,mfc2.rc2,0,0
1MQKAFNLKWLOFOI4O02MGQ38EYAS40,1MQKAFNLKW,mfc2Doc.ico,0,0
1MQKAFNLKWN0Z3ZO30HE79VNXSLW10,1MQKAFNLKW,Toolbar.bmp,0,0
WRHWT5V2TYSR4MYN24PZIXD8VHKZL0,WRHWT5V2TY,Resource.h,0,0
WRHWT5V2TYLAQGHZYWKABEDKD7S520,WRHWT5V2TY,stdafx.cpp,0,0
WRHWT5V2TYWAVHITH1YQT5O89MVXZ0,WRHWT5V2TY,stdafx.h,0,0
WRHWT5V2TY50R3N8D9D7EFHFBJZOK0,WRHWT5V2TY,targetver.h,0,0
ZYH4DRQY835016R97SEY1RPCJW83B0,ZYH4DRQY83,mfc2.ncb,0,0
ZYH4DRQY8364W6XG14ITYXOHHFMG80,ZYH4DRQY83,mfc2.sln,0,0
ZYH4DRQY83DP18B6B5042TC8HRMYX0,ZYH4DRQY83,mfc2.suo,0,0
C26LZE92JFBV57RN4INR2IIB7ATUA0,C26LZE92JF,mfc3.exe,0,0
SJCB2B7CJPG4XGGKM1MCGJZ932QY60,SJCB2B7CJP,mfc3.ilk,0,0
SJCB2B7CJP9EGBZ6H929CCUNO5XCG0,SJCB2B7CJP,mfc3.pdb,0,0
SLXDZZSUBEY5JOP4BGQTXBYEV5GK10,SLXDZZSUBE,BuildLog.htm,0,0
YU7HWGYYP0L0Z70LRQMYTN5Y1WOQR0,YU7HWGYYP0,exercise.obj,0,0
YU7HWGYYP0Q7GNNKP9H5HLIZMCDV60,YU7HWGYYP0,mfc3.exe.embed.manifest,0,0
YU7HWGYYP0RPEQ79EGP0N7BU7QKI60,YU7HWGYYP0,mfc3.exe.embed.manifest.res,0,0
YU7HWGYYP09SPOQRFK3TCPZY6Z09T0,YU7HWGYYP0,mfc3.exe.intermediate.manifest,0,0
YU7HWGYYP0HX2N0J0QU0N6OYINTX80,YU7HWGYYP0,mt.dep,0,0
YU7HWGYYP02SS5335JF5J2ZPOFHWV0,YU7HWGYYP0,vc90.idb,0,0
YU7HWGYYP0R91N47JDGR362HB55ET0,YU7HWGYYP0,vc90.pdb,0,0
SJCB2B7CJPWEI8C6FNU027BWLGZV90,SJCB2B7CJP,exercise.cpp,0,0
SJCB2B7CJPJYXX3EDYSD39NZCINET0,SJCB2B7CJP,mfc3.vcproj,0,0
SJCB2B7CJPTVMHU5MT5ZFHWS49DTD0,SJCB2B7CJP,mfc3.vcproj.GENUITY.Administrator.user,0,0
ZYH4DRQY83F3CD68TIKERU4MDTNEM0,ZYH4DRQY83,mfc3.ncb,0,0
ZYH4DRQY838TQSPDAZWSTUEF34ZJA0,ZYH4DRQY83,mfc3.sln,0,0
ZYH4DRQY83ME4G0M85YHCLEWHGD360,ZYH4DRQY83,mfc3.suo,0,0
9I0V67QNRCMIVD4G2TABCKF4T6EGX0,9I0V67QNRC,mfc4.exe,0,0
CXRKIQHATZKE6GPD0LZHKG72HEMLX0,CXRKIQHATZ,mfc4.ilk,0,0
CXRKIQHATZK98UR4JSAVN1P91SCW20,CXRKIQHATZ,mfc4.pdb,0,0
6BS4MGZ3UPHTM8AA94TCMBTELDTKX0,6BS4MGZ3UP,cursor1.cur,0,0
QNEKQI8PGYUI0ONZIA854I2XNABZH0,QNEKQI8PGY,BuildLog.htm,0,0
6BS4MGZ3UPDZ13BZOPHFA2QOK2TU10,6BS4MGZ3UP,exercise2.obj,0,0
6BS4MGZ3UPYPPAPSIIGI7QA931QJZ0,6BS4MGZ3UP,mfc4.exe.embed.manifest,0,0
6BS4MGZ3UPWUFQSTLLCUDM1J65Y980,6BS4MGZ3UP,mfc4.exe.embed.manifest.res,0,0
6BS4MGZ3UPLHDA2R730JPFZQFMML60,6BS4MGZ3UP,mfc4.exe.intermediate.manifest,0,0
6BS4MGZ3UPPCGQ0TI7BVP5OD38GG80,6BS4MGZ3UP,mfc4.res,0,0
6BS4MGZ3UP8L3ELZ73X28UW8MPXAG0,6BS4MGZ3UP,mt.dep,0,0
6BS4MGZ3UPT8SP6B97SL40YND769Z0,6BS4MGZ3UP,vc90.idb,0,0
6BS4MGZ3UP8UP2NATC3IVREGKXVTA0,6BS4MGZ3UP,vc90.pdb,0,0
CXRKIQHATZY65FQJOYTUO0NEFXBHD0,CXRKIQHATZ,exercise2.cpp,0,0
CXRKIQHATZ4TUJSZC6HLE26XBOKUL0,CXRKIQHATZ,icon1.ico,0,0
CXRKIQHATZQZZ8Z06ONYLNOLX88WP0,CXRKIQHATZ,icon2.ico,0,0
CXRKIQHATZ106UEYJS2C7VLHG72NW0,CXRKIQHATZ,mfc4.aps,0,0
CXRKIQHATZ9JH183XKUOEF6A07QAS0,CXRKIQHATZ,mfc4.rc,0,0
CXRKIQHATZ1O2YGJZK7ROHRKV91ZH0,CXRKIQHATZ,mfc4.vcproj,0,0
CXRKIQHATZU127KLE2DRAA5GP70400,CXRKIQHATZ,mfc4.vcproj.GENUITY.Administrator.user,0,0
CXRKIQHATZKFAHDSJ7IC585JKF4BY0,CXRKIQHATZ,resource.h,0,0
CXRKIQHATZ1QGGQ0WTNQHP7GBKBEW0,CXRKIQHATZ,toolbar1.bmp,0,0
ZYH4DRQY83VUZLBT9ZIUC9ZB6G9TA0,ZYH4DRQY83,mfc4.ncb,0,0
ZYH4DRQY83PUUZD00UZHJQ9N8K8IB0,ZYH4DRQY83,mfc4.sln,0,0
ZYH4DRQY83W2LEBK6JXDY8C00H19D0,ZYH4DRQY83,mfc4.suo,0,0
QMMO4Y1CGS7ZZVGZUGXL0XZEO3RUK0,QMMO4Y1CGS,mfc5.pdb,0,0
RVETA3T3QYSAYY61SWP4PIWVFCDE10,RVETA3T3QY,BuildLog.htm,0,0
7HK17XY66PVJJ9NQIFCAH2OQC5CAH0,7HK17XY66P,mfc5.exe.embed.manifest,0,0
7HK17XY66PKEURBOGOICGN5JZRUC60,7HK17XY66P,mfc5.exe.embed.manifest.res,0,0
7HK17XY66P11BN4F5OZ6LRJB3Z1XG0,7HK17XY66P,mfc5.exe.intermediate.manifest,0,0
7HK17XY66P4EQZCH0N0DLSXSMQGZW0,7HK17XY66P,test.obj,0,0
7HK17XY66PGSUOPB659MANAD7IO5K0,7HK17XY66P,vc90.idb,0,0
7HK17XY66PMK4V5UXUBU5UTTV890O0,7HK17XY66P,vc90.pdb,0,0
YZZ8IIKJJMXNGA88DSGNSWP8QYWUR0,YZZ8IIKJJM,mfc5.vcproj,0,0
YZZ8IIKJJMHYM3FGG34PC8FO5L4HW0,YZZ8IIKJJM,mfc5.vcproj.GENUITY.Administrator.user,0,0
YZZ8IIKJJMMTLDJ0WID97WZWATLLZ0,YZZ8IIKJJM,mfc5.vcproj.PRUNE.hafiz.user,0,0
YZZ8IIKJJM656SIUCPCYAM6UEFDV50,YZZ8IIKJJM,test.cpp,0,0
YZZ8IIKJJMLBFICIAELEEUBQX480I0,YZZ8IIKJJM,test.h,0,0
ZYH4DRQY833XVDAIWJNEZPWV7Z1K00,ZYH4DRQY83,mfc5.ncb,0,0
ZYH4DRQY834VG5OGBH6GEP40RQ41H0,ZYH4DRQY83,mfc5.sln,0,0
ZYH4DRQY83WOVTCN3MEHXBJHYQ0AT0,ZYH4DRQY83,mfc5.suo,0,0
PBWM8FLBNI81TCODT0C5CESXW66420,PBWM8FLBNI,frame.cpp,0,0
FUK8LXCQ8MB8UYF7C1JY44ZMFN0800,FUK8LXCQ8M,FRAMES.cpp,0,0
FUK8LXCQ8MWP5NQBYQSZTFQ1UY5FT0,FUK8LXCQ8M,icon1.ico,0,0
FUK8LXCQ8MW2JM8P8J1NIQW61EZ380,FUK8LXCQ8M,MFC6.APS,0,0
FUK8LXCQ8MCIDMPD8PNB41NX3V06O0,FUK8LXCQ8M,MFC6.rc,0,0
FUK8LXCQ8MUDP9MFS84V0DPJKBA7Z0,FUK8LXCQ8M,MFC6.vcproj,0,0
FUK8LXCQ8MKIMSQY8KWQQIWXO9QJF0,FUK8LXCQ8M,MFC6.vcproj.GENUITY.Administrator.user,0,0
FUK8LXCQ8MG8DNI7LAP7IMRNAFT7Y0,FUK8LXCQ8M,MFC61.rc,0,0
FUK8LXCQ8MDS1ETTX995WJDGS5FHA0,FUK8LXCQ8M,resource.h,0,0
FUK8LXCQ8MXAR7CZ3NNSMZ599AX0H0,FUK8LXCQ8M,resource1.h,0,0
ZYH4DRQY833Y4810PPUXQU0HZOHYH0,ZYH4DRQY83,MFC6.ncb,0,0
ZYH4DRQY83F13F0UQUB7S0HQ7OA3V0,ZYH4DRQY83,MFC6.sln,0,0
ZYH4DRQY83LU0UTSATOG7011MGGYO0,ZYH4DRQY83,MFC6.suo,0,0
RRCAR0NN445HPRK7B9E0D1AKWELPY0,RRCAR0NN44,mfc7.exe,0,0
A5ZXA8YIMAFT90U7B1GZLWF4KTVX20,A5ZXA8YIMA,mfc7.ilk,0,0
A5ZXA8YIMA5HB3CLNJMJRISHTMBJ40,A5ZXA8YIMA,mfc7.pdb,0,0
XQADS90JHC9QXTK8GHCFTEVTK60EK0,XQADS90JHC,BuildLog.htm,0,0
D3VXB65R6J668WC41XMCEJSVJMB370,D3VXB65R6J,frame.obj,0,0
D3VXB65R6JT3KLQ2FZDIG621EB8VG0,D3VXB65R6J,mfc7.exe.embed.manifest,0,0
D3VXB65R6JCVKAYW2G50HECUX6V9O0,D3VXB65R6J,mfc7.exe.embed.manifest.res,0,0
D3VXB65R6JP2XTCKPGAG5B2VGGNYT0,D3VXB65R6J,mfc7.exe.intermediate.manifest,0,0
D3VXB65R6JN1TX3MW14D8E8VP8IK80,D3VXB65R6J,mfc7.res,0,0
D3VXB65R6JFI7C3JODNPYQSRU6RS60,D3VXB65R6J,mt.dep,0,0
D3VXB65R6J90SHHHP6DYRW0I1P9280,D3VXB65R6J,vc90.idb,0,0
D3VXB65R6JLA8547V2A0DTB1PHO5I0,D3VXB65R6J,vc90.pdb,0,0
A5ZXA8YIMAL4TN62YXB7AQZFYZM5O0,A5ZXA8YIMA,frame.cpp,0,0
A5ZXA8YIMA4KQCFAWRQ7RW1APL7CD0,A5ZXA8YIMA,icon1.ico,0,0
A5ZXA8YIMAH85XO7MIE0LS5LSH09N0,A5ZXA8YIMA,mfc7.aps,0,0
A5ZXA8YIMA2K59XAUPHHRDFYNR95L0,A5ZXA8YIMA,mfc7.rc,0,0
A5ZXA8YIMAXGHKQ5VDZSVBG1394440,A5ZXA8YIMA,mfc7.vcproj,0,0
A5ZXA8YIMA9IVYX1K4Q40K1264HXP0,A5ZXA8YIMA,mfc7.vcproj.GENUITY.Administrator.user,0,0
A5ZXA8YIMAGDUMHS48MSS93TB3A3D0,A5ZXA8YIMA,resource.h,0,0
ZYH4DRQY83V9PXDPF79SQORP6SV710,ZYH4DRQY83,mfc7.ncb,0,0
ZYH4DRQY83O0BXEUEXMWVS23SZILE0,ZYH4DRQY83,mfc7.sln,0,0
ZYH4DRQY83ESAL8EDQ2HPDPC66R2T0,ZYH4DRQY83,mfc7.suo,0,0
3Z51WV90H0EXYTN1PQULR4VOSG9NA0,3Z51WV90H0,MFC8.exe,0,0
JFWU6O2TV0WA8DV8XHFUUOBHEF1100,JFWU6O2TV0,MFC8.ilk,0,0
JFWU6O2TV0ICW42BWM3AMX2P59KEH0,JFWU6O2TV0,MFC8.pdb,0,0
ZGGOLYOMCCHKHVMC6167NFFN88OKY0,ZGGOLYOMCC,BuildLog.htm,0,0
DRTYQ93GUB1DJ327YWL5KXI3OOBXF0,DRTYQ93GUB,exercise.obj,0,0
DRTYQ93GUBTGA7MTTT17VJ2PR2F4I0,DRTYQ93GUB,MAINC.obj,0,0
DRTYQ93GUBTHHZRLHA2RXVPMCUZSL0,DRTYQ93GUB,MFC8.exe.embed.manifest,0,0
DRTYQ93GUBS8QL1NZKB9TVHPDY18L0,DRTYQ93GUB,MFC8.exe.embed.manifest.res,0,0
DRTYQ93GUB73JJNWJ37YK3QKPBHSR0,DRTYQ93GUB,MFC8.exe.intermediate.manifest,0,0
DRTYQ93GUBSJJRXISPJ1TFSJU7Z080,DRTYQ93GUB,MFC8.res,0,0
DRTYQ93GUBO6ZH2YW1NQJSOXGXH580,DRTYQ93GUB,mt.dep,0,0
DRTYQ93GUBZM4G1JQD7PVCYPFQ1CM0,DRTYQ93GUB,vc90.idb,0,0
DRTYQ93GUBB6ZXV7PATYBZ3XZ6HEX0,DRTYQ93GUB,vc90.pdb,0,0
JFWU6O2TV0OLA1BR4H0UGM9ZTSF5C0,JFWU6O2TV0,exercise.cpp,0,0
JFWU6O2TV0OO28U27PVQW4GNET85O0,JFWU6O2TV0,icon1.ico,0,0
JFWU6O2TV0PVQZH24CBHTI92BW1NW0,JFWU6O2TV0,MAINC.cpp,0,0
JFWU6O2TV0177XUXPF429ABGBQQ1Q0,JFWU6O2TV0,MFC8.APS,0,0
JFWU6O2TV06CCXZILKL6LDNR2KPIR0,JFWU6O2TV0,MFC8.rc,0,0
JFWU6O2TV0SD83VNTZTATPZA5ITNW0,JFWU6O2TV0,MFC8.vcproj,0,0
JFWU6O2TV0SQP6KO2TMS2ERF5IM0I0,JFWU6O2TV0,MFC8.vcproj.GENUITY.Administrator.user,0,0
JFWU6O2TV0120I4INIQY5POL9LLKX0,JFWU6O2TV0,resource.h,0,0
JFWU6O2TV0XEQEBFST86Z2CPKG26R0,JFWU6O2TV0,Untitled.txt,0,0
ZYH4DRQY832R9F8M9XK0NJMS07JUD0,ZYH4DRQY83,MFC8.ncb,0,0
ZYH4DRQY83VY0731I3MTECDAICAEC0,ZYH4DRQY83,MFC8.sln,0,0
ZYH4DRQY83PFCMRHYF1KAQB0RQJQJ0,ZYH4DRQY83,MFC8.suo,0,0
E3SUGWFVBQ7MYVRRUFV4VAY44420V0,E3SUGWFVBQ,MainFrm.cpp,0,0
64BS6MK11SRMP8OR5S83TD8UMKY5Z0,64BS6MK11S,MainFrm.h,0,0
64BS6MK11SIYLJ76KF8ABAMMBMCON0,64BS6MK11S,mfc9.aps,0,0
64BS6MK11SQUO6QQBPFNC4O3PQ8DX0,64BS6MK11S,mfc9.cpp,0,0
64BS6MK11S6GCWJ3BG659RIH2X46V0,64BS6MK11S,mfc9.h,0,0
64BS6MK11SVXJ2KXUUFXQ6D75R8ZO0,64BS6MK11S,mfc9.rc,0,0
64BS6MK11SNT2WZUJX1UQ97D03Q7U0,64BS6MK11S,mfc9.vcproj,0,0
64BS6MK11SLYKX6X92KAAOXPJE8GW0,64BS6MK11S,mfc9.vcproj.GENUITY.Administrator.user,0,0
64BS6MK11SPNFO6ZN8C3N3KW49SDJ0,64BS6MK11S,mfc9Doc.cpp,0,0
64BS6MK11SQTA548IVSO11DUZBDT30,64BS6MK11S,mfc9Doc.h,0,0
64BS6MK11SIGRRKYGCWH910NJFJ0H0,64BS6MK11S,mfc9View.cpp,0,0
64BS6MK11SRL7NJTLPX2Z4MLMF3MG0,64BS6MK11S,mfc9View.h,0,0
64BS6MK11SOMLOCY3G0YTYURGTFL20,64BS6MK11S,ReadMe.txt,0,0
DIHGUD0WLNA0BEFG6TEXMO9A8UW0L0,DIHGUD0WLN,mfc9.ico,0,0
E3SUGWFVBQKXO4L2VSEHI5ATZD0QW0,E3SUGWFVBQ,mfc9.rc2,0,0
E3SUGWFVBQ8RXVBQROZWOBI1WFYY20,E3SUGWFVBQ,mfc9Doc.ico,0,0
E3SUGWFVBQZPXBAASEEGY2DLB4TDM0,E3SUGWFVBQ,Toolbar.bmp,0,0
64BS6MK11SOXKKGV2MA15R3NCZP5I0,64BS6MK11S,Resource.h,0,0
64BS6MK11SNEGX61U04T8NDW41OYU0,64BS6MK11S,stdafx.cpp,0,0
64BS6MK11SUO5MQ6RY6C1UMY71AV20,64BS6MK11S,stdafx.h,0,0
64BS6MK11SLHVXRJ6B8QVZNZAXQAJ0,64BS6MK11S,targetver.h,0,0
ZYH4DRQY831QZ06ZIKC0L14XDNF2E0,ZYH4DRQY83,mfc9.ncb,0,0
ZYH4DRQY83FYPN62IXYOYVP6QVNMI0,ZYH4DRQY83,mfc9.sln,0,0
ZYH4DRQY83UB6EHKWJYMKLHIL3CA50,ZYH4DRQY83,mfc9.suo,0,0
99QAPOEQOY9TA8L20NZ5T4O5F13W40,99QAPOEQOY,mfcfundamentals1.exe,0,0
O9YODA2P3M3OW5WBABB4G8DYVGULN0,O9YODA2P3M,mfcfundamentals1.ilk,0,0
O9YODA2P3M1HGUVOAJPKLJWZ5H1J60,O9YODA2P3M,mfcfundamentals1.pdb,0,0
N52LYN0EH7UBOATY6Q1Z9URIMJR8G0,N52LYN0EH7,BuildLog.htm,0,0
BKECREEYMWA8EY6LJBQPXEQXB2QKP0,BKECREEYMW,Exercise.obj,0,0
BKECREEYMWK8WCIS3JESSUG1JDOZ30,BKECREEYMW,mfcfundamentals1.exe.embed.manifest,0,0
BKECREEYMWLS7JR0327U6YFSUQNCA0,BKECREEYMW,mfcfundamentals1.exe.embed.manifest.res,0,0
BKECREEYMWSCBCBAPBXB1SRHSEKPA0,BKECREEYMW,mfcfundamentals1.exe.intermediate.manifest,0,0
BKECREEYMWB4OB92A3HVQ1QSLP5UV0,BKECREEYMW,mt.dep,0,0
BKECREEYMW8K1M0LBONX6JHLVIQJS0,BKECREEYMW,vc90.idb,0,0
BKECREEYMW7S70BHSD67TMS1P7ZXN0,BKECREEYMW,vc90.pdb,0,0
O9YODA2P3MIEZ27GO97TIGZUS6Z7D0,O9YODA2P3M,Exercise.cpp,0,0
O9YODA2P3MIHNMW02J1VI1HGIPC9Q0,O9YODA2P3M,mfcfundamentals1.vcproj,0,0
O9YODA2P3MSFOTKHDJI6AISQMVH860,O9YODA2P3M,mfcfundamentals1.vcproj.GENUITY.Administrator.user,0,0
O9YODA2P3M5B1XAK0PQC8ZJTGELSM0,O9YODA2P3M,mfcfundamentals1.vcproj.PRUNE.hafiz.user,0,0
ZYH4DRQY831DZTZKCVBFPZI1GK9P10,ZYH4DRQY83,mfcfundamentals1.ncb,0,0
ZYH4DRQY83JPCPD8SQRX2D1FQ3HKX0,ZYH4DRQY83,mfcfundamentals1.sln,0,0
ZYH4DRQY83EASJPLR976J1LIG9Z3E0,ZYH4DRQY83,mfcfundamentals1.suo,0,0
VR3ZBFDZ1C3WIQWUBJUU0TAARY3YV0,VR3ZBFDZ1C,BuildLog.htm,0,0
XOS8YTJAS8KURD1GHBC587K0M7HIG0,XOS8YTJAS8,vc90.idb,0,0
XOS8YTJAS8YP7YH1FSGW1FIE2FOC00,XOS8YTJAS8,vc90.pdb,0,0
50LH0JG8CPH0WLG1D68RSROJCW01E0,50LH0JG8CP,socket.vcproj,0,0
50LH0JG8CPHN01K6LL0SISGWALSL00,50LH0JG8CP,socket.vcproj.GENUITY.Administrator.user,0,0
50LH0JG8CPHEJCQWGHG9A7UPITA5H0,50LH0JG8CP,socket.vcproj.PRUNE.hafiz.user,0,0
50LH0JG8CPWQ6KG2C56YUSVEK3L3A0,50LH0JG8CP,sockettest.cpp,0,0
50LH0JG8CPIK3BIM3S8HDIC0HXIWO0,50LH0JG8CP,sockettest.h,0,0
ZYH4DRQY83VGPVKMYWNVA20D760BB0,ZYH4DRQY83,socket.ncb,0,0
ZYH4DRQY83MUKKH7MSIP4YU7P784Z0,ZYH4DRQY83,socket.sln,0,0
ZYH4DRQY83HZTN3C89TGY1N8ZJGU10,ZYH4DRQY83,socket.suo,0,0
MO2J0JMY75P45ZEMB3LI0UF60WZMA0,MO2J0JMY75,splitPath.exe,0,0
HLU2VPU604EHYGF98Q2PSAMQ5M1XR0,HLU2VPU604,splitPath.ilk,0,0
HLU2VPU604ARET879S5C4HUHNKU0E0,HLU2VPU604,splitPath.pdb,0,0
MX6L55MX9J3J0PDKEVK5HUQUR7N1H0,MX6L55MX9J,Database.cpp,0,0
56S402X4BURRTHF59MG4VI16W14EI0,56S402X4BU,database.h,0,0
56S402X4BUDXYGX46C5USUAV046RU0,56S402X4BU,sqlite3.c,0,0
56S402X4BU1VP13GFEGW7DV6TBROU0,56S402X4BU,sqlite3.h,0,0
56S402X4BUU38WDY8CVQXCL9QHLGM0,56S402X4BU,sqlite3ext.h,0,0
HLU2VPU604O6DVBA8DQ7YUQT8ZFAW0,HLU2VPU604,Database.cpp,0,0
HLU2VPU604VTJ3AG3AH4PAW9BP8ZK0,HLU2VPU604,Database.db,0,0
HLU2VPU604CY6LERACQ5PHOVNPBT90,HLU2VPU604,Database.h,0,0
HLU2VPU604RRFL9T5A4CL1439BYAB0,HLU2VPU604,Database1.db,0,0
HLU2VPU604E9SJVE0QXFIGYWB20YB0,HLU2VPU604,db.dat,0,0
HLU2VPU6047I0GRP5AU5RN04QN5370,HLU2VPU604,db.txt,0,0
I2AIPX86JDJ81CX7O3W753JFLCM4Q0,I2AIPX86JD,BuildLog.htm,0,0
56S402X4BUAYIYR98YKSKUVP4F0GK0,56S402X4BU,Database.obj,0,0
56S402X4BU1BXGMIWOIB7BDVRZQ890,56S402X4BU,mt.dep,0,0
56S402X4BU2MHN6WGZ9PLO4NRFG220,56S402X4BU,splitPath.exe.embed.manifest,0,0
56S402X4BU7ANK47K5OF7MZF77CKX0,56S402X4BU,splitPath.exe.embed.manifest.res,0,0
56S402X4BUKXNRTS229YGRPLV280T0,56S402X4BU,splitPath.exe.intermediate.manifest,0,0
56S402X4BUOYDTE96W3BKND2A22H90,56S402X4BU,splitPath.obj,0,0
56S402X4BUY6CVN35HLHVS8FYZHUH0,56S402X4BU,splitPath.pch,0,0
56S402X4BUFNCDZUSFU30KYWJFY140,56S402X4BU,splitPath.res,0,0
56S402X4BU73GITRCYRQKIUQ64DWE0,56S402X4BU,splitPathDlg.obj,0,0
56S402X4BUANQ12CST132F8ATAVTQ0,56S402X4BU,sqlite3.obj,0,0
56S402X4BU61GPXKBE9XBNQZ6MCXF0,56S402X4BU,stdafx.obj,0,0
56S402X4BUEKS8WOH0PTZ44TLC9SZ0,56S402X4BU,vc90.idb,0,0
56S402X4BUAVM9MYYR815JU5MG1S40,56S402X4BU,vc90.pdb,0,0
HLU2VPU604L7JW1BELCGTUML6FN0Q0,HLU2VPU604,dump.txt,0,0
HLU2VPU604UJX076XDHMGP8V4SKZ00,HLU2VPU604,dump_files.csv,0,0
HLU2VPU604OB8C6EB137QNLB5GZY00,HLU2VPU604,dump_nodes.csv,0,0
HLU2VPU604KP8GBFV7V4KKNPUBFF80,HLU2VPU604,dump_nodes.txt,0,0
HLU2VPU6045PAZGO70QUDJBN6CBZ30,HLU2VPU604,ReadMe.txt,0,0
594EOOYQQZJXWON5MOY8DJBQP1P3R0,594EOOYQQZ,BuildLog.htm,0,0
G4DQWZM03BIGVI8VSDJ423FNMBNW80,G4DQWZM03B,splitPath.ico,0,0
56S402X4BU3D4Y68JV7MH9KM7BLB00,56S402X4BU,splitPath.rc2,0,0
HLU2VPU6041KY1I5WDHI4HNTN30190,HLU2VPU604,resource.h,0,0
HLU2VPU604VZPRYZBYZZW3KNSEYGX0,HLU2VPU604,splitPath.aps,0,0
HLU2VPU604CBRJ07ANAWKW37PP0ON0,HLU2VPU604,splitPath.cpp,0,0
HLU2VPU6044H1QB7IVXLEL7RENZSQ0,HLU2VPU604,splitPath.h,0,0
HLU2VPU604XLU4TK7MHRVMML7ZA6G0,HLU2VPU604,splitPath.rc,0,0
HLU2VPU604MFFSEBRWP32F6C2QBFX0,HLU2VPU604,splitPath.vcproj,0,0
HLU2VPU604DORBOKKO1OIK504LE830,HLU2VPU604,splitPath.vcproj.GENUITY.Administrator.user,0,0
HLU2VPU6041OG28AKBK7ZDJ4T844M0,HLU2VPU604,splitPath.vcproj.PRUNE.hafiz.user,0,0
HLU2VPU604U7V132F17OCIE8IB0510,HLU2VPU604,splitPathDlg.cpp,0,0
HLU2VPU604J6H0UDQ862WN5EC8GFW0,HLU2VPU604,splitPathDlg.h,0,0
HLU2VPU604ACQOXOE1FV583GPYMJE0,HLU2VPU604,sqlite3.c,0,0
HLU2VPU604PU2IHCKMCXGZEHLF9RS0,HLU2VPU604,sqlite3.h,0,0
HLU2VPU604C4INP3S99UO3O1UDTCC0,HLU2VPU604,sqlite3ext.h,0,0
HLU2VPU604RO2LHF04DONMOPDH8O40,HLU2VPU604,stdafx.cpp,0,0
HLU2VPU604PPCBZOGFB06TARQ0X880,HLU2VPU604,stdafx.h,0,0
HLU2VPU604XPV75NS8OHGJ4U1B3240,HLU2VPU604,targetver.h,0,0
HLU2VPU604OSQYKR72R09OCUDFV1A0,HLU2VPU604,test.txt,0,0
HLU2VPU604YCSCAK7UBJBEJXVVF9R0,HLU2VPU604,test12.txt,0,0
HLU2VPU604YJN7C9G7JL89YGVUYFG0,HLU2VPU604,total.txt,0,0
ZYH4DRQY83CEE27703B1J8MOFD5Y40,ZYH4DRQY83,splitPath.ncb,0,0
ZYH4DRQY83D40MUASQKUYLBC2U2B00,ZYH4DRQY83,splitPath.sln,0,0
ZYH4DRQY83ZV7WJ1MD8NY1SQH3LSB0,ZYH4DRQY83,splitPath.suo,0,0
13YC3GHVV7STOMEP2DIJGQOMWCM9V0,13YC3GHVV7,ReadMe.txt,0,0
UZIPYGWPM0LKZ2FOOOGNML75PYPV90,UZIPYGWPM0,test.ico,0,0
13YC3GHVV7QOWQ5ZX5BMVTGRFSMTF0,13YC3GHVV7,test.rc2,0,0
3UV45VUOLODKKOQULSTMOCLHRSUZG0,3UV45VUOLO,Resource.h,0,0
3UV45VUOLO1K2MZ8ESHWHRMPLPPAE0,3UV45VUOLO,stdafx.cpp,0,0
3UV45VUOLOTVY013Q66Q88NP3E8K90,3UV45VUOLO,stdafx.h,0,0
3UV45VUOLOP98XQTRKD0QIWSN4NIG0,3UV45VUOLO,targetver.h,0,0
3UV45VUOLOLMXWMX3LMJL6IEW90QG0,3UV45VUOLO,test.aps,0,0
3UV45VUOLOBY07BLXDW7CNZ2S11I10,3UV45VUOLO,test.cpp,0,0
3UV45VUOLO1LW8PCC5NW08ZU649GT0,3UV45VUOLO,test.h,0,0
3UV45VUOLO1VUYF9GX2TTXKDVM6030,3UV45VUOLO,test.rc,0,0
3UV45VUOLOXUPBH6DQ2FPK3IUE6IC0,3UV45VUOLO,test.vcproj,0,0
3UV45VUOLO5CUGQO8LHWM5QI7T75Q0,3UV45VUOLO,test.vcproj.PRUNE.hafiz.user,0,0
3UV45VUOLO6CDBMZAMBRJ81FYRE730,3UV45VUOLO,testDlg.cpp,0,0
3UV45VUOLO9PJB07NAOQHVYZPE0RY0,3UV45VUOLO,testDlg.h,0,0
ZYH4DRQY83AXCHUM9B6GN26S506960,ZYH4DRQY83,test.ncb,0,0
ZYH4DRQY83861U5WE608EGCBHRW3R0,ZYH4DRQY83,test.sln,0,0
ZYH4DRQY83ATDQFOSKM6EFAAPSRRJ0,ZYH4DRQY83,test.suo,0,0
75JAGBZI5MT2F68CHO33YPGRC1B310,75JAGBZI5M,ReadMe.txt,0,0
6DB04NC6ZLC9FG6GBWQ1QAPST5SC50,6DB04NC6ZL,testing.ico,0,0
75JAGBZI5MLXN45XPUPB5UCI30OZX0,75JAGBZI5M,testing.rc2,0,0
7HFDY2JW02XM11DJH3GZNBD9MD7RC0,7HFDY2JW02,Resource.h,0,0
7HFDY2JW02BSCD27N65SHVQN6IZT00,7HFDY2JW02,stdafx.cpp,0,0
7HFDY2JW02IKYG61WQ4QAJ8QHH5T70,7HFDY2JW02,stdafx.h,0,0
7HFDY2JW02UX5GGO7IO7LZ0IVYF820,7HFDY2JW02,targetver.h,0,0
7HFDY2JW02BSPOAM5D7AJIT5KSCWL0,7HFDY2JW02,testing.aps,0,0
7HFDY2JW02F19USJK4RHX5D1OJXF20,7HFDY2JW02,testing.cpp,0,0
7HFDY2JW027DUAF8ADTUZPM7X013G0,7HFDY2JW02,testing.h,0,0
7HFDY2JW02ZGY2C1JFTHMGMINFQ9L0,7HFDY2JW02,testing.rc,0,0
7HFDY2JW02IOAMMSI3LXA4BTYEMN90,7HFDY2JW02,testing.vcproj,0,0
7HFDY2JW02G4Z7F2FYHYH5V4HI6WC0,7HFDY2JW02,testing.vcproj.GENUITY.Administrator.user,0,0
7HFDY2JW02BB2HOTR23GKQ74DFTG40,7HFDY2JW02,testingDlg.cpp,0,0
7HFDY2JW02J3F2B3BKT1GIL0F8MY80,7HFDY2JW02,testingDlg.h,0,0
ZYH4DRQY83H3P4X6O7EZZLFHE3VGS0,ZYH4DRQY83,testing.ncb,0,0
ZYH4DRQY83O8MYXR3X2YJ2ZT7TMTY0,ZYH4DRQY83,testing.sln,0,0
ZYH4DRQY83WCMIDL2TX7RTU0XJBD40,ZYH4DRQY83,testing.suo,0,0
GD1WLIXELRWCORTOUDRLTG63V2SD60,GD1WLIXELR,BuildLog.htm,0,0
5NN8XYXNLEHLFHVJAK9P4RAXCR1GC0,5NN8XYXNLE,stdafx.obj,0,0
5NN8XYXNLEL0CXREDAKCHG8BLOWL50,5NN8XYXNLE,TestSocket.ocx.embed.manifest,0,0
5NN8XYXNLE2B1EQT4M82QI8FKZ6K70,5NN8XYXNLE,TestSocket.pch,0,0
5NN8XYXNLE6K6G6MBMLHYPLBD4O2N0,5NN8XYXNLE,TestSocket.tlb,0,0
5NN8XYXNLE9TJVN5LUTAYL95CVC2S0,5NN8XYXNLE,vc90.idb,0,0
5NN8XYXNLEKS0JMEQU6WPPU6JIQDV0,5NN8XYXNLE,vc90.pdb,0,0
F2Q9PRMI2BQ5ZI75UE7H7O9A23E8B0,F2Q9PRMI2B,ReadMe.txt,0,0
F2Q9PRMI2BZNV7SUDD7KTQ945V2DW0,F2Q9PRMI2B,Resource.h,0,0
F2Q9PRMI2BP0XJPHMDXYUXQDD78GD0,F2Q9PRMI2B,stdafx.cpp,0,0
F2Q9PRMI2B53JEU4BZ0VOXFUKX6990,F2Q9PRMI2B,stdafx.h,0,0
F2Q9PRMI2B3QJ1PRICX2JAK4XTR510,F2Q9PRMI2B,targetver.h,0,0
F2Q9PRMI2BL2L4ME18AN954B4YOA90,F2Q9PRMI2B,TestSocket.aps,0,0
F2Q9PRMI2BFWMCKAKO1I0W7B24VL60,F2Q9PRMI2B,TestSocket.cpp,0,0
F2Q9PRMI2BEPQGGK2Z75YBK5KPUM70,F2Q9PRMI2B,TestSocket.def,0,0
F2Q9PRMI2BSL0ETTO4UMMDM204OZY0,F2Q9PRMI2B,TestSocket.h,0,0
F2Q9PRMI2BMUOBHWIGM6FRRUXFDDO0,F2Q9PRMI2B,TestSocket.ico,0,0
F2Q9PRMI2BMH7AFM0MXNQV39PYIRR0,F2Q9PRMI2B,TestSocket.idl,0,0
F2Q9PRMI2B28SW8JWYE1N8FWU80D00,F2Q9PRMI2B,TestSocket.rc,0,0
F2Q9PRMI2B8P08FFOJ01HL1DLBZGO0,F2Q9PRMI2B,TestSocket.vcproj,0,0
F2Q9PRMI2BJXGLJK0MB2LFM2W2BIG0,F2Q9PRMI2B,TestSocket.vcproj.GENUITY.Administrator.user,0,0
F2Q9PRMI2BZS6P07W98M0BJCV11II0,F2Q9PRMI2B,TestSocket.vcproj.PRUNE.hafiz.user,0,0
F2Q9PRMI2B680P8R59YLKGTPKRBVC0,F2Q9PRMI2B,TestSocketCtrl.bmp,0,0
F2Q9PRMI2BOGVV75477NC5LYE0WTC0,F2Q9PRMI2B,TestSocketCtrl.cpp,0,0
F2Q9PRMI2BDLJYJXY6M4YUQTMJ8RF0,F2Q9PRMI2B,TestSocketCtrl.h,0,0
F2Q9PRMI2BBGY5MPN78XKCMYF7HB80,F2Q9PRMI2B,TestSocketidl.h,0,0
F2Q9PRMI2BBN7HJPZMHTB1KPMN4FT0,F2Q9PRMI2B,TestSocketPropPage.cpp,0,0
F2Q9PRMI2BKPYHK2TCNRR2PDEV99S0,F2Q9PRMI2B,TestSocketPropPage.h,0,0
F2Q9PRMI2BKNVNQ5WKU7NF0LWGHHA0,F2Q9PRMI2B,TestSocket_i.c,0,0
ZYH4DRQY83LEK2UQUFXQLSNDLCNIT0,ZYH4DRQY83,TestSocket.ncb,0,0
ZYH4DRQY83OIWMQMPIHZW2DA1NG440,ZYH4DRQY83,TestSocket.sln,0,0
ZYH4DRQY83S12SK83XOQJIKJ50V9G0,ZYH4DRQY83,TestSocket.suo,0,0
190QYR7QLNM13T1YEV8Y922J7W6M70,190QYR7QLN,vb1.exe,0,0
E77PGS1362ZLWL5I97YYLMBGKJ98G0,E77PGS1362,vb1.pdb,0,0
E77PGS1362IEM0T9QNOGT1W4ZDHTA0,E77PGS1362,vb1.vshost.exe,0,0
E77PGS1362XG55Q5EPR2991J7XR5E0,E77PGS1362,vb1.vshost.exe.manifest,0,0
E77PGS1362SOW5EWGISMBE6KJWT8R0,E77PGS1362,vb1.xml,0,0
HEFX006STB68D60GLKZBQS11Q6UK00,HEFX006STB,Form1.Designer.vb,0,0
HEFX006STBUJANDKG1D3MOVA8GG5J0,HEFX006STB,Form1.vb,0,0
XOTNI4PBZ9J8BYXB0LHEJ0137BFTP0,XOTNI4PBZ9,Application.Designer.vb,0,0
EV7QK357UYS0N6VFWW08UIDEXLWUE0,EV7QK357UY,Application.myapp,0,0
EV7QK357UY65DBAFR5G1T5AU4MFUB0,EV7QK357UY,AssemblyInfo.vb,0,0
EV7QK357UYWZRVXZI98MWSVGZ3NFE0,EV7QK357UY,Resources.Designer.vb,0,0
EV7QK357UYDZ3ZJDQ2M4C3YR3BQ5E0,EV7QK357UY,Resources.resx,0,0
EV7QK357UYDH5RUKFM9XO453E5BNS0,EV7QK357UY,Settings.Designer.vb,0,0
EV7QK357UYQCAD53KAG3PH00EJJ6I0,EV7QK357UY,Settings.settings,0,0
P77W6KCRJEL2RO5KBKZIUJESPEVKT0,P77W6KCRJE,My Project.Resources.Designer.vb.dll,0,0
AT6LFW05YD9HSVVBMJ6IE8190ZVGU0,AT6LFW05YD,vb1.exe,0,0
AT6LFW05YDAMUOJJL2WKZ6TNE6GPV0,AT6LFW05YD,vb1.pdb,0,0
AT6LFW05YDOHZOH3FVZDVYISH5PCI0,AT6LFW05YD,vb1.Resources.resources,0,0
AT6LFW05YDXG91QTS6UVAKRM0UFT30,AT6LFW05YD,vb1.vbproj.FileListAbsolute.txt,0,0
AT6LFW05YD1OGQ67U2I8U63Y8NLIY0,AT6LFW05YD,vb1.vbproj.GenerateResource.Cache,0,0
AT6LFW05YD9HQN288G370A5PMBLNV0,AT6LFW05YD,vb1.xml,0,0
HEFX006STB4OFVEOB4OZOLH509UBX0,HEFX006STB,vb1.vbproj,0,0
ZYH4DRQY83WEM323DH70FJQ9XE7RN0,ZYH4DRQY83,vb1.sln,0,0
ZYH4DRQY83DFPK6XIV0IFVS0NA98E0,ZYH4DRQY83,vb1.suo,0,0
Q76TBV7404OGRS2K1O398L83MV79Q0,Q76TBV7404,Samples.vsmacros,0,0
YDOFGNRHP55CG1HC1PH1Y2QMVTNNS0,YDOFGNRHP5,win32.exe,0,0
WQK1BYZ4QRB1HQ7Z9L6X44U6YHRQ60,WQK1BYZ4QR,win32.ilk,0,0
WQK1BYZ4QRU6P546U1KSNCBELPIKJ0,WQK1BYZ4QR,win32.pdb,0,0
EH7EUSUNL0YK2N8RKIOHS1O36KENE0,EH7EUSUNL0,cursor1.cur,0,0
P7K5NKDCXFVK1A2YNX7LGQF2KSEKS0,P7K5NKDCXF,BuildLog.htm,0,0
EH7EUSUNL0WD4OWWUOW0D4S071RQ50,EH7EUSUNL0,mt.dep,0,0
EH7EUSUNL0ASP53IST4S1RQNFT67X0,EH7EUSUNL0,vc90.idb,0,0
EH7EUSUNL0RE0XQWG073129GDG8A60,EH7EUSUNL0,vc90.pdb,0,0
EH7EUSUNL0S2QZWMQ63AV4D9CAPMP0,EH7EUSUNL0,win32.exe.embed.manifest,0,0
EH7EUSUNL0XOKS8REMGXTHOIZHVVA0,EH7EUSUNL0,win32.exe.embed.manifest.res,0,0
EH7EUSUNL0D3VYBZUBUBOY3I0LYG10,EH7EUSUNL0,win32.exe.intermediate.manifest,0,0
EH7EUSUNL0M7M0SPYN0HJ2Z2XGR3D0,EH7EUSUNL0,win32.res,0,0
EH7EUSUNL09Z1RLMNZZNJTRMKDTVX0,EH7EUSUNL0,winMain.obj,0,0
WQK1BYZ4QR7R4FVK0HZ6P20HHCJUT0,WQK1BYZ4QR,icon1.ico,0,0
WQK1BYZ4QR8K3YJK7XV2NZP3YO53Z0,WQK1BYZ4QR,resfund2.ico,0,0
WQK1BYZ4QRXUN5PTT4MGHT4ZDQ1DF0,WQK1BYZ4QR,resource.h,0,0
WQK1BYZ4QRBKE2GJDM0K231068DVU0,WQK1BYZ4QR,standard.bmp,0,0
WQK1BYZ4QRL8AJQB6V71GLGKY5VY50,WQK1BYZ4QR,target.cur,0,0
WQK1BYZ4QRM88JRCB6S2LYJEUCRJ00,WQK1BYZ4QR,win32.aps,0,0
WQK1BYZ4QRWKKOWJPQLMN6H3X41Y80,WQK1BYZ4QR,win32.rc,0,0
WQK1BYZ4QR8U99NRSMILCZCTETQDR0,WQK1BYZ4QR,win32.vcproj,0,0
WQK1BYZ4QROX5ROGC95EKMGM28QPP0,WQK1BYZ4QR,win32.vcproj.GENUITY.Administrator.user,0,0
WQK1BYZ4QRZ38SW1YIMQTEI8K3CWF0,WQK1BYZ4QR,winMain.cpp,0,0
WQK1BYZ4QRE3GZXZ932LROXUFFE5V0,WQK1BYZ4QR,winMain.h,0,0
ZYH4DRQY83SMN07CO48B3D5QXIER60,ZYH4DRQY83,win32.ncb,0,0
ZYH4DRQY83TC7S13I40DU6G4F1LHY0,ZYH4DRQY83,win32.sln,0,0
ZYH4DRQY837Q5S6985JGHZYET9E4K0,ZYH4DRQY83,win32.suo,0,0
7NP5TJBWF5EM4Y4REU7M1PM7E9FQA0,7NP5TJBWF5,win_32.pdb,0,0
IRSY98VSIVBIKAN8FIKB08H0OI2SS0,IRSY98VSIV,BuildLog.htm,0,0
TXU4OWT9ABMEPV5HOGEU3EJRHD5QS0,TXU4OWT9AB,mainWn.obj,0,0
TXU4OWT9ABZWCMI1X2CGZ1XKMKJ930,TXU4OWT9AB,vc90.idb,0,0
TXU4OWT9ABXOSVUNWJ1WGI998JBDM0,TXU4OWT9AB,vc90.pdb,0,0
TXU4OWT9ABV8PMC6O3F5ZZ89OKW9L0,TXU4OWT9AB,win_32.exe.embed.manifest,0,0
TXU4OWT9ABHNLDPA84YN38HSM33L40,TXU4OWT9AB,win_32.exe.embed.manifest.res,0,0
TXU4OWT9AB9FD01JM3KGJJTANQ9RC0,TXU4OWT9AB,win_32.exe.intermediate.manifest,0,0
9EGO5SOVETKXQPDCVWZ6T2I5CS8BT0,9EGO5SOVET,mainWn.cpp,0,0
9EGO5SOVETUNXVY1F3RSBTMIE89YW0,9EGO5SOVET,mainWn.h,0,0
K2JNFN5F3NQ99VQDP729OEM3DDTIX0,K2JNFN5F3N,BuildLog.htm,0,0
9EGO5SOVETJ58TSRTLVKV641QC70N0,9EGO5SOVET,win_32.vcproj,0,0
9EGO5SOVETHV7DLU0PM129ZQOW4C70,9EGO5SOVET,win_32.vcproj.GENUITY.Administrator.user,0,0
9EGO5SOVETL0BGEV1YIGSXWD146UP0,9EGO5SOVET,win_32.vcproj.PRUNE.hafiz.user,0,0
ZYH4DRQY83K282H83JG9IFYEAR9VG0,ZYH4DRQY83,win_32.ncb,0,0
ZYH4DRQY83RWTMCFYW7GGJ4BTZJHQ0,ZYH4DRQY83,win_32.sln,0,0
ZYH4DRQY83A6JIK110WZAI7MS8JPP0,ZYH4DRQY83,win_32.suo,0,0
577YZLR1AVVAF3KY6QU5JLNW2U9QD0,577YZLR1AV,win_GDI.exe,0,0
CYN3S9YSZBPZ88Y05M1K8XD4XUX070,CYN3S9YSZB,win_GDI.ilk,0,0
CYN3S9YSZB6HRI8BPK8XSVV657CRO0,CYN3S9YSZB,win_GDI.pdb,0,0
U74Y7SNA7DYTV1OTVH931JR91C1IL0,U74Y7SNA7D,cursor1.cur,0,0
TVGHQP1HG1D8NZJU4JAZ4GDWLW6NZ0,TVGHQP1HG1,BuildLog.htm,0,0
U74Y7SNA7DCM69YLLYN2LT2GJRQB40,U74Y7SNA7D,Exercise.obj,0,0
U74Y7SNA7DR3GDJKJ7NJKHU5WPZ8G0,U74Y7SNA7D,MainWnd.obj,0,0
U74Y7SNA7DRSQUZLCNESNCK55DTV40,U74Y7SNA7D,mt.dep,0,0
U74Y7SNA7DRCGUPZUOQKQTTJ1LODG0,U74Y7SNA7D,standard.bmp,0,0
U74Y7SNA7DJ5O96U9GZ0BBGN48RRC0,U74Y7SNA7D,vc90.idb,0,0
U74Y7SNA7DMYAKRL8DLPJD8KS7IC10,U74Y7SNA7D,vc90.pdb,0,0
U74Y7SNA7D2OSPAP5XFGLD9ZYI19L0,U74Y7SNA7D,WinApp.obj,0,0
U74Y7SNA7DHG3LW5FDZH0G54Q5ORH0,U74Y7SNA7D,win_GDI.exe.embed.manifest,0,0
U74Y7SNA7DM7G8LV6GS0Q5GKHK9G70,U74Y7SNA7D,win_GDI.exe.embed.manifest.res,0,0
U74Y7SNA7DHH2JZBYBQ19V8B0TJMX0,U74Y7SNA7D,win_GDI.exe.intermediate.manifest,0,0
U74Y7SNA7DZI1I1EBLWBTR8BX9XQC0,U74Y7SNA7D,win_GDI.res,0,0
CYN3S9YSZBXVFW1RUGVGQ878LCY050,CYN3S9YSZB,Exercise.cpp,0,0
CYN3S9YSZBKKL1E9N1Z42MFKOT2Q20,CYN3S9YSZB,Exercise.h,0,0
CYN3S9YSZBYAEEWVLK85BS9IUOEN30,CYN3S9YSZB,icon1.ico,0,0
CYN3S9YSZBM62FGN04X6KHNTPORA80,CYN3S9YSZB,MainWnd.cpp,0,0
CYN3S9YSZBZ1JPPPZMHOPS3RYBQ9J0,CYN3S9YSZB,MainWnd.h,0,0
CYN3S9YSZBC6FSHMTIF93G2LX8YGI0,CYN3S9YSZB,raindrop.ico,0,0
CYN3S9YSZBVYARAA7FNWTUXQOUZPQ0,CYN3S9YSZB,resource.h,0,0
CYN3S9YSZBD661X5U390RO1856NNG0,CYN3S9YSZB,standard.bmp,0,0
CYN3S9YSZBTQIK8N7Y0Y4H3NTDKQL0,CYN3S9YSZB,WinApp.cpp,0,0
CYN3S9YSZB7X0IXX83RN5P2VGQC3R0,CYN3S9YSZB,WinApp.h,0,0
CYN3S9YSZBM5CVUON3MOQ39508CMN0,CYN3S9YSZB,win_GDI.aps,0,0
CYN3S9YSZB431V8B9J41IZ0PQM0UM0,CYN3S9YSZB,win_GDI.rc,0,0
CYN3S9YSZBP91W3T1W2JYHMDXEP6U0,CYN3S9YSZB,win_GDI.vcproj,0,0
CYN3S9YSZBOZZ3PEGLLTR8KCSFSWR0,CYN3S9YSZB,win_GDI.vcproj.GENUITY.Administrator.user,0,0
ZYH4DRQY83WLKM5Y374MGD1R6U59I0,ZYH4DRQY83,win_GDI.ncb,0,0
ZYH4DRQY83OHQ9IBDIYKHNG7RZXTU0,ZYH4DRQY83,win_GDI.sln,0,0
ZYH4DRQY83SPHXUIEZS3JND4EYAIC0,ZYH4DRQY83,win_GDI.suo,0,0
D2TJ9L3MA9ST4QK00Y992T6S2DBN80,D2TJ9L3MA9,CurrentSettings.vssettings,0,0
